timestamp,endpoint,method,response_time,status_code,success,payload_size,response_size
2025-09-06T22:59:16.619999,/api/v1/hashes/stats,GET,0.8808591365814209,500,False,0,21
2025-09-06T22:59:16.620640,/api/v1/hashes/lookup,POST,2.2516398429870605,500,False,132,21
2025-09-06T22:59:16.620907,/api/v1/hashes/lookup,POST,2.2691781520843506,500,False,132,21
2025-09-06T22:59:16.620289,/api/v1/hashes/lookup,POST,2.2710540294647217,500,False,132,21
2025-09-06T22:59:16.621188,/api/v1/hashes/register,POST,2.271033763885498,500,False,221,21
2025-09-06T22:59:16.619757,/api/v1/health,GET,3.373847007751465,200,True,0,188
2025-09-06T22:59:16.619143,/api/v1/health,GET,3.899245023727417,503,False,0,202
2025-09-06T22:59:20.874982,/api/v1/hashes/lookup,POST,0.35233521461486816,500,False,132,21
2025-09-06T22:59:20.891303,/api/v1/hashes/lookup,POST,0.3369736671447754,500,False,132,21
2025-09-06T22:59:20.892067,/api/v1/hashes/lookup,POST,1.4406189918518066,500,False,132,21
2025-09-06T22:59:21.519656,/api/v1/health,GET,2.0253708362579346,200,True,0,188
2025-09-06T22:59:22.502057,/api/v1/hashes/stats,GET,1.2827391624450684,500,False,0,21
2025-09-06T22:59:23.228595,/api/v1/hashes/lookup,POST,1.2973709106445312,500,False,132,21
2025-09-06T22:59:23.229553,/api/v1/hashes/lookup,POST,1.2981557846069336,500,False,132,21
2025-09-06T22:59:24.333939,/api/v1/hashes/lookup,POST,0.4777247905731201,500,False,132,21
2025-09-06T22:59:20.994881,/api/v1/health,GET,3.817798137664795,503,False,0,202
2025-09-06T22:59:26.527294,/api/v1/hashes/lookup,POST,1.2997171878814697,500,False,132,21
2025-09-06T22:59:24.546294,/api/v1/health,GET,3.283921003341675,200,True,0,188
2025-09-06T22:59:25.813954,/api/v1/health,GET,2.0168111324310303,200,True,0,188
2025-09-06T22:59:26.812929,/api/v1/hashes/lookup,POST,1.3295142650604248,500,False,132,21
2025-09-06T22:59:26.528765,/api/v1/hashes/lookup,POST,1.7562663555145264,500,False,132,21
2025-09-06T22:59:28.786152,/api/v1/hashes/stats,GET,0.41590285301208496,500,False,0,21
2025-09-06T22:59:28.893585,/api/v1/hashes/register,POST,1.607969045639038,500,False,221,21
2025-09-06T22:59:28.831457,/api/v1/health,GET,2.3270962238311768,200,True,0,188
2025-09-06T22:59:29.828200,/api/v1/hashes/lookup,POST,1.3399879932403564,500,False,132,21
2025-09-06T22:59:30.143673,/api/v1/hashes/lookup,POST,1.3182001113891602,500,False,132,21
2025-09-06T22:59:30.286374,/api/v1/hashes/lookup,POST,1.3091990947723389,500,False,132,21
2025-09-06T22:59:28.830979,/api/v1/health,GET,3.2951619625091553,503,False,0,202
2025-09-06T22:59:33.169391,/api/v1/hashes/lookup,POST,1.574781894683838,500,False,132,21
2025-09-06T22:59:33.463156,/api/v1/hashes/lookup,POST,1.2904279232025146,500,False,132,21
2025-09-06T22:59:33.596811,/api/v1/hashes/lookup,POST,1.4382030963897705,500,False,132,21
2025-09-06T22:59:34.203371,/api/v1/hashes/stats,GET,1.2982499599456787,500,False,0,21
2025-09-06T22:59:33.127445,/api/v1/health,GET,2.5241310596466064,200,True,0,188
2025-09-06T22:59:32.159793,/api/v1/health,GET,3.4967639446258545,200,True,0,188
2025-09-06T22:59:36.754502,/api/v1/hashes/lookup,POST,1.683711051940918,500,False,132,21
2025-09-06T22:59:36.745353,/api/v1/hashes/lookup,POST,1.6949923038482666,500,False,132,21
2025-09-06T22:59:37.036219,/api/v1/hashes/lookup,POST,1.4088659286499023,500,False,132,21
2025-09-06T22:59:36.652812,/api/v1/health,GET,2.4053409099578857,200,True,0,188
2025-09-06T22:59:36.657022,/api/v1/health,GET,2.4016218185424805,200,True,0,188
2025-09-06T22:59:40.502859,/api/v1/hashes/stats,GET,1.36826491355896,500,False,0,21
2025-09-06T22:59:40.440512,/api/v1/hashes/lookup,POST,1.4327208995819092,500,False,132,21
2025-09-06T22:59:40.439472,/api/v1/hashes/lookup,POST,1.4347608089447021,500,False,132,21
2025-09-06T22:59:40.445672,/api/v1/hashes/lookup,POST,1.4845860004425049,500,False,132,21
2025-09-06T22:59:40.502701,/api/v1/hashes/register,POST,1.430276870727539,500,False,221,21
2025-09-06T22:59:40.059430,/api/v1/health,GET,2.41854190826416,200,True,0,188
2025-09-06T22:59:40.060013,/api/v1/health,GET,2.4186198711395264,200,True,0,188
2025-09-06T22:59:43.931418,/api/v1/hashes/lookup,POST,1.7928521633148193,500,False,132,21
2025-09-06T22:59:43.874377,/api/v1/hashes/lookup,POST,1.8509521484375,500,False,132,21
2025-09-06T22:59:43.874652,/api/v1/hashes/lookup,POST,1.8515779972076416,500,False,132,21
2025-09-06T22:59:43.479904,/api/v1/health,GET,2.8369011878967285,200,True,0,188
2025-09-06T22:59:46.872450,/api/v1/hashes/stats,GET,0.30332183837890625,500,False,0,21
2025-09-06T22:59:43.479241,/api/v1/health,GET,3.988994836807251,503,False,0,202
2025-09-06T22:59:47.726503,/api/v1/hashes/lookup,POST,1.3086199760437012,500,False,132,21
2025-09-06T22:59:47.725537,/api/v1/hashes/lookup,POST,1.311011791229248,500,False,132,21
2025-09-06T22:59:47.727401,/api/v1/hashes/lookup,POST,1.31290602684021,500,False,132,21
2025-09-06T22:59:48.469478,/api/v1/health,GET,2.1594271659851074,200,True,0,188
2025-09-06T22:59:47.317974,/api/v1/health,GET,3.3110969066619873,200,True,0,188
2025-09-06T22:59:51.037460,/api/v1/hashes/lookup,POST,0.30665111541748047,500,False,132,21
2025-09-06T22:59:51.036408,/api/v1/hashes/lookup,POST,0.3111588954925537,500,False,132,21
2025-09-06T22:59:51.040730,/api/v1/hashes/lookup,POST,1.5184969902038574,500,False,132,21
2025-09-06T22:59:52.177027,/api/v1/hashes/stats,GET,1.3254671096801758,500,False,0,21
2025-09-06T22:59:51.934114,/api/v1/hashes/register,POST,1.8562750816345215,500,False,221,21
2025-09-06T22:59:51.631007,/api/v1/health,GET,2.2040090560913086,200,True,0,188
2025-09-06T22:59:53.345333,/api/v1/hashes/lookup,POST,1.3306560516357422,500,False,132,21
2025-09-06T22:59:53.347742,/api/v1/hashes/lookup,POST,1.3306708335876465,500,False,132,21
2025-09-06T22:59:51.630183,/api/v1/health,GET,3.20627498626709,503,False,0,202
2025-09-06T22:59:54.560519,/api/v1/hashes/lookup,POST,0.4199097156524658,500,False,132,21
2025-09-06T22:59:55.837775,/api/v1/health,GET,2.0481789112091064,200,True,0,188
2025-09-06T22:59:54.835274,/api/v1/health,GET,3.059018850326538,200,True,0,188
2025-09-06T22:59:56.678883,/api/v1/hashes/lookup,POST,1.2951040267944336,500,False,132,21
2025-09-06T22:59:56.981667,/api/v1/hashes/lookup,POST,1.2868726253509521,500,False,132,21
2025-09-06T22:59:56.677289,/api/v1/hashes/lookup,POST,1.795400857925415,500,False,132,21
2025-09-06T22:59:58.503675,/api/v1/hashes/stats,GET,0.313309907913208,500,False,0,21
2025-09-06T22:59:58.895258,/api/v1/health,GET,2.201828956604004,200,True,0,188
2025-09-06T22:59:59.975290,/api/v1/hashes/lookup,POST,1.279792308807373,500,False,132,21
2025-09-06T23:00:00.473689,/api/v1/hashes/lookup,POST,1.3817999362945557,500,False,132,21
2025-09-06T23:00:00.269800,/api/v1/hashes/lookup,POST,1.7850978374481201,500,False,132,21
2025-09-06T22:59:58.887192,/api/v1/health,GET,3.3688440322875977,503,False,0,202
2025-09-06T23:00:03.256419,/api/v1/hashes/lookup,POST,1.4664082527160645,500,False,132,21
2025-09-06T23:00:03.790708,/api/v1/hashes/register,POST,1.319486141204834,500,False,221,21
2025-09-06T23:00:03.856587,/api/v1/hashes/lookup,POST,1.2938671112060547,500,False,132,21
2025-09-06T23:00:04.056274,/api/v1/hashes/lookup,POST,1.299259901046753,500,False,132,21
2025-09-06T23:00:03.257540,/api/v1/health,GET,2.101217031478882,200,True,0,188
2025-09-06T23:00:02.097574,/api/v1/health,GET,3.2710120677948,200,True,0,188
2025-09-06T23:00:03.818094,/api/v1/hashes/stats,GET,1.7680809497833252,500,False,0,21
2025-09-06T23:00:06.724039,/api/v1/hashes/lookup,POST,1.2819688320159912,500,False,132,21
2025-09-06T23:00:07.151762,/api/v1/hashes/lookup,POST,1.3431727886199951,500,False,132,21
2025-09-06T23:00:07.356336,/api/v1/hashes/lookup,POST,1.2958359718322754,500,False,132,21
2025-09-06T23:00:06.369703,/api/v1/health,GET,2.5669589042663574,200,True,0,188
2025-09-06T23:00:06.360016,/api/v1/health,GET,3.124586343765259,503,False,0,202
2025-09-06T23:00:10.007231,/api/v1/hashes/lookup,POST,1.4143650531768799,500,False,132,21
2025-09-06T23:00:10.653301,/api/v1/hashes/lookup,POST,1.2719149589538574,500,False,132,21
2025-09-06T23:00:10.587275,/api/v1/hashes/stats,GET,1.340034008026123,500,False,0,21
2025-09-06T23:00:10.496054,/api/v1/hashes/lookup,POST,1.5268468856811523,500,False,132,21
2025-09-06T23:00:10.485759,/api/v1/health,GET,2.042057991027832,200,True,0,188
2025-09-06T23:00:09.937963,/api/v1/health,GET,3.3191018104553223,503,False,0,202
2025-09-06T23:00:13.422908,/api/v1/hashes/lookup,POST,0.30100393295288086,500,False,132,21
2025-09-06T23:00:14.024167,/api/v1/hashes/lookup,POST,1.505997896194458,500,False,132,21
2025-09-06T23:00:13.926443,/api/v1/hashes/lookup,POST,1.6353909969329834,500,False,132,21
2025-09-06T23:00:14.258391,/api/v1/health,GET,2.0309979915618896,200,True,0,188
2025-09-06T23:00:15.110815,/api/v1/hashes/register,POST,1.5128588676452637,500,False,221,21
2025-09-06T23:00:13.529109,/api/v1/health,GET,3.11151123046875,503,False,0,202
2025-09-06T23:00:15.725132,/api/v1/hashes/lookup,POST,1.5195083618164062,500,False,132,21
